UUID,State,Vote
a341619f-7149-4047-9401-9ea97bb4d6b3,Alabama,Democrat
0d676211-dd25-45de-967d-7bf8e90ae238,Alabama,Republican
801b878f-fb6a-479b-bd5f-45c70b173305,Alabama,Republican
bfa5b746-a0f9-47e9-b020-ffce3304f949,Alabama,Republican
54f9d3a8-3dd4-40eb-879f-1a70f28bd98e,Alabama,Republican
0ddf3ead-4983-42fc-98ba-107e543d9357,Alabama,Democrat
91b58787-b534-4aa1-977e-93f68d6c2749,Alabama,Democrat
eb1ce71f-2431-4b7c-8f74-1e441fa25b4e,Alabama,Democrat
427149b8-f5d8-4709-b4b5-b291f1888e3c,Alabama,Republican
7e2a6269-2fec-46a2-ab59-9459ff29a30a,Alabama,Democrat
a05d9498-4a72-4c20-85ea-e3be820e5ff8,Alabama,Republican
fb3cd0da-f0e9-4520-ad91-90ac669a475f,Alabama,Republican
67f91a73-fa38-491c-836f-8a8b06d5d7e4,Alabama,Republican
6a426257-24f4-44fc-bbb6-7bdaa4107e35,Alabama,Democrat
5a742b74-3787-4ef8-84ac-d740de487006,Alabama,Republican
fcace544-b378-49bd-9cd0-07491be8dc77,Alabama,Democrat
52dbd0bc-16ce-4c46-b14c-887d3d71497e,Alabama,Democrat
530d032e-80dd-4321-8859-41fb07faf8fb,Alabama,Republican
4a5bd686-1015-48df-9f0e-98df2f8d5ece,Alabama,Democrat
9b0ab193-bfb2-409d-b7f5-e3f5acf7ed53,Alabama,Democrat
a7d090f4-5b5e-47e6-8921-8de86a29e166,Alaska,Democrat
c2377b96-e09a-4995-9f58-3ca238264097,Alaska,Republican
c07ae3fe-ce0f-448b-b33c-e158d9eef7ab,Alaska,Democrat
62f8ee9b-c34c-446c-8d0b-4313fb2fc46a,Alaska,Republican
fb5f68c4-b0b3-44cb-a096-b8921ff2d870,Alaska,Democrat
55f93fa5-5267-453a-bb69-51945dfef77a,Alaska,Democrat
4edb192a-30cb-4227-b139-ed41400ba075,Alaska,Democrat
f6eada91-8b25-4fbb-9536-39e52fb5c360,Alaska,Democrat
5f6baab7-7313-4cdc-9417-e8feecd66254,Alaska,Republican
454067d8-ee95-4181-958f-b386d25b7755,Alaska,Republican
f5291a6f-4734-43ed-8918-f7686fe8764e,Alaska,Democrat
9b679402-2067-47e7-9a1d-d8924be5570d,Alaska,Republican
968635d0-6c3e-48dd-b1d7-cb5c7faf88bf,Alaska,Republican
db775e34-b45b-4894-a635-b666f73a41b0,Alaska,Republican
1fb00ad2-5d40-49ed-ade6-631975291d37,Alaska,Republican
ef35b23e-0a26-487a-b944-d91cb5748972,Alaska,Democrat
f8e7831a-dc3c-4c1a-829e-79d8f282b193,Alaska,Republican
219669b1-939a-40d2-b4fc-01db3a018297,Alaska,Republican
cf7c176f-7e08-4ec9-8301-82ff16c14fc8,Alaska,Democrat
17fcfc75-970c-4aad-a484-a20f09a2d3d2,Alaska,Republican
6708b4f7-21a2-4e75-b7d5-9d0a0b2768f7,Arizona,Democrat
4c738b6a-8655-4cca-b265-8461c9a9e1f1,Arizona,Democrat
077fce49-9763-4bb8-91a8-c1a69ff6c8f9,Arizona,Republican
fb61c491-18e9-4775-90b2-58f8d0f260e7,Arizona,Democrat
e4b9a5ac-95b3-4fcb-a78b-dc439b855759,Arizona,Democrat
37959903-a6a8-4ebc-880d-514e93c030d3,Arizona,Republican
dfdf8f5d-c495-4a9e-b34b-7f3981807a04,Arizona,Republican
8b8cea4e-33d3-434f-8a70-fb7724e3926f,Arizona,Republican
e762acc6-d53d-4d0d-a9e7-3c67a3ddc363,Arizona,Democrat
f51f05c5-15a7-4a1f-83e3-9149cda76e71,Arizona,Democrat
7c3b0f94-a410-49f0-9b98-15c9363f8b67,Arizona,Republican
d8b69840-b25e-403e-a0f1-b501b18a8359,Arizona,Republican
7d104c19-e022-4cd7-8c3a-55e5a3acd6e6,Arizona,Democrat
1853707a-87bf-40fc-9d82-8ba0337aa33d,Arizona,Republican
c561a5ad-1d01-47bb-816d-a1975ada265c,Arizona,Democrat
f82538cd-853a-4996-95b8-22ca18d0bfe2,Arizona,Democrat
a5f0730f-1077-4cf2-9cf4-472419012027,Arizona,Democrat
82f3e99e-0caf-47fe-a463-834e7ffd0a3f,Arizona,Republican
dd6b1294-d427-4bbb-9c30-28423a22a6e0,Arizona,Democrat
46ff9cfc-f4e4-4f01-817a-1c453a6b05ec,Arizona,Democrat
4303acc3-0765-41f8-aeae-ab73be818caa,Arkansas,Republican
ea7b22b8-f939-46de-87ff-3e668bb5a0ce,Arkansas,Democrat
fd1d6ff2-a589-4e91-b23a-c2e7d8576d93,Arkansas,Democrat
da085915-e632-48ca-b401-2312685a3eb7,Arkansas,Democrat
f7dc7d02-4a03-4d71-b76e-483184dad747,Arkansas,Republican
464eac29-8a37-4de5-869f-6e139f0fcfb6,Arkansas,Democrat
50b01834-1adf-4f0d-9b50-edbe25e55114,Arkansas,Republican
e1da5b54-58f5-4880-b8be-89c5bb146754,Arkansas,Democrat
8dd74068-7069-4dd1-883c-076df5de03dd,Arkansas,Republican
03bfc955-2164-406c-9ff6-cf77c4aad3b1,Arkansas,Democrat
d6dc01e6-03a5-463c-a7f7-cb518f2e5983,Arkansas,Democrat
3e6d7103-1655-49ad-8fda-f4611dfa4ef4,Arkansas,Republican
1e5d1f2a-5166-4ec9-b27d-3c0a4a43b3f2,Arkansas,Republican
4a565208-0a83-4a1e-9e11-2bb0bf60a90c,Arkansas,Democrat
3218f04c-84b9-4e60-9b30-9cd11d4f7018,Arkansas,Democrat
3219cd55-94ea-4115-acbf-393b2fd68f61,Arkansas,Republican
653fb704-5920-4e1e-bc47-89e8000aff9e,Arkansas,Republican
265dd0f0-62d4-471c-b1cf-a298c6de08c0,Arkansas,Democrat
379c11df-f7fb-46d5-ae90-6019a24aa764,Arkansas,Republican
bc38b162-6620-410a-804a-0417bbb1b0fb,Arkansas,Democrat
db510c2a-b4e8-4bc2-b654-9ffad4fe7f59,California,Republican
2ede33eb-a9af-4f52-be6e-c2774d233af9,California,Democrat
ad28157d-d223-448f-aa9f-087bd848b131,California,Democrat
00c759f5-fd27-4f58-a426-c3f5c6d1bedc,California,Democrat
b4de4518-71f6-478e-9720-8a1e65cbf7d1,California,Democrat
a750bcd5-ee3f-4646-8c74-f2927b0566d0,California,Democrat
c2608119-28d2-41c2-b9f7-7f4b31f2f2b0,California,Republican
59b6266f-968d-4de0-848f-06d4946c8dc4,California,Democrat
6a7fcd3f-7585-4a73-aca9-ee0339a65ae3,California,Democrat
3d893b2e-0c5d-4108-ae7c-35b1633541b2,California,Democrat
3607de3a-9fca-4959-b73c-746766fcde6b,California,Democrat
caa0aeb1-02da-4397-b9ce-3bdbb372fd56,California,Democrat
adb74136-5090-460f-b026-b382be9495f4,California,Republican
df43446b-6a56-4f60-a2ef-6434089d03c9,California,Republican
fc86d2e3-6c4b-4ea7-9d92-b2befdcec484,California,Democrat
f36b10ac-86b1-40fd-a352-e797d4e42c5f,California,Republican
1e83ac09-92cf-4843-9550-a88715d49871,California,Democrat
95166938-5deb-4c5a-bdaa-ca5b7bb3e607,California,Republican
17414800-ab53-48e3-ae00-bdb0bfa0d85a,California,Democrat
3e347686-b1ad-46ac-8672-a075341e7ab8,California,Democrat
f94f2fea-1fcd-40a5-a2e4-15c83e1db4dc,Colorado,Republican
6c41990f-19e4-4365-8d72-8c30db642d5a,Colorado,Democrat
e36a2491-ff18-4bae-b2fe-747d13cc9f81,Colorado,Republican
2858fbc7-afa5-4253-890c-2202877b5199,Colorado,Democrat
3ff49b8c-876e-4b95-bd03-0902b9f80b31,Colorado,Democrat
f07a1ce4-f0c6-4151-a7eb-eb73dc29c490,Colorado,Republican
8e50a525-c5db-4af4-998e-7f1d913c0f7c,Colorado,Democrat
42891f80-9589-4af1-b273-54e74756e2f4,Colorado,Democrat
cfc0fc04-a3d4-4e81-b75f-b50a45d9712f,Colorado,Democrat
619e3a59-11c5-47c7-8974-fc6884dd2388,Colorado,Republican
5f63fe5a-1829-4c1d-9355-3de8ff3afb3d,Colorado,Democrat
a142101e-a9a1-44d0-9bb7-a91153c7c7d1,Colorado,Democrat
99d87fd5-cf5b-4c00-acb6-cd85adeea8a9,Colorado,Democrat
a3f99f6f-3dcb-41de-bcba-cf4ec21d4fa3,Colorado,Democrat
96e2eee9-844f-4a2d-90be-311154d68880,Colorado,Democrat
eed65da1-7068-4943-a477-cfba08c60d38,Colorado,Democrat
f3b0fb8c-5cac-4eb4-92f6-706b4ab00779,Colorado,Republican
f13c526e-06a2-438c-90b7-62e32357d3db,Colorado,Democrat
0a006aa0-c84b-4ec8-b8d8-50616112bf90,Colorado,Republican
597120df-2910-4844-8ee2-d9f7318a84dc,Colorado,Democrat
27ebea1d-86c5-4bbc-8ccb-efc1f16b8ff4,Connecticut,Republican
ac4c76cd-4eb7-4629-9b9f-7a5ad95d34b3,Connecticut,Democrat
278a8fe7-b758-4c46-868c-37d71fbb22b1,Connecticut,Republican
4f481e21-63dd-416e-9607-c9feb74cd5c5,Connecticut,Republican
bee4c2ac-ce50-448c-9c41-a247e933e2fc,Connecticut,Republican
a1ce2b99-baca-4537-9ef9-6b7b8d61ca8b,Connecticut,Democrat
e5af76ad-4d65-4459-873c-a6b8ece39ff1,Connecticut,Democrat
48e926a7-d260-46b4-bb76-cb267e34c545,Connecticut,Republican
d2079e4a-cbe5-47b1-8308-14483d660366,Connecticut,Republican
6ba453a9-e1af-4566-8af5-c19320367398,Connecticut,Democrat
a6d74839-99b4-4b65-9e34-2637130a8443,Connecticut,Democrat
011491ab-d6e2-48dc-b092-0859ec8dfee9,Connecticut,Democrat
90231649-579b-40b2-bde8-0b36bbf89590,Connecticut,Republican
a992df58-7feb-431c-8a32-fb1839610ccc,Connecticut,Republican
2b20ff67-2484-4b0c-b26b-472796fc5b20,Connecticut,Republican
33d90007-7484-418c-a9a8-127271c31486,Connecticut,Republican
1513ce91-f3a0-49d5-a515-162b3b6d88a5,Connecticut,Democrat
188dbfc5-9553-40e1-9ea5-cc2e5eeb9812,Connecticut,Democrat
2e6a9c02-1605-4246-be1c-832a6be4e922,Connecticut,Democrat
fa165bb7-8989-464e-845f-33f5e3d39130,Connecticut,Democrat
c9180f6a-39d8-4957-a282-f6370417d501,Delaware,Republican
28cbdb83-0576-4708-8071-afb2ed7c7711,Delaware,Republican
6b4cbf69-1cbb-4c64-a396-2f67c5b73da1,Delaware,Democrat
e0041bf5-281f-43be-91ef-487737030536,Delaware,Republican
f799904f-bb5e-4a8a-a943-416632ddbcca,Delaware,Democrat
081cc8c3-1f18-4dbe-90b8-065f6597444f,Delaware,Republican
3774e9c4-745b-4d53-9e17-f22185286490,Delaware,Democrat
06a374bb-c626-4041-80fe-d5c3eeb0b6e6,Delaware,Democrat
67b191ba-d712-403b-9ed7-509cd304dd9b,Delaware,Democrat
bdc0c632-4525-4cba-bb18-b1c5b9a27b86,Delaware,Democrat
e2b549a6-c680-4883-b801-3693aa9cdbce,Delaware,Democrat
376eef2b-5b8e-4f4c-a80b-0eb3dbacf2d6,Delaware,Republican
65ad77c8-542e-41c5-a2e7-52a55f21feb7,Delaware,Republican
d0bb3587-cc56-43d6-8ffc-dae7bf69f41c,Delaware,Republican
8aaa7f70-75ce-4cc9-9530-49328eee6f8e,Delaware,Democrat
accdc319-d9f8-45f7-9de7-9b1a468cba74,Delaware,Republican
86bbb914-63fb-42c9-93c9-94a8d6b3a540,Delaware,Republican
9038454d-741b-4e12-8e20-cba49ed9b8c8,Delaware,Democrat
1575fbda-b18f-40d4-af75-ff943b628d72,Delaware,Republican
5f2045ba-122e-46d8-b1ad-4ddcdea0e654,Delaware,Democrat
c542c6b9-f429-43e5-a9b9-ded32a7b5706,Florida,Democrat
1d25db41-07b3-40ce-b17b-3a1963f4de24,Florida,Republican
7c477a64-2605-40c6-bcf0-82f28c9f934e,Florida,Democrat
26cc2f8c-32c0-4a36-be1b-489d1e7ef3c1,Florida,Democrat
7fa04287-ac37-4d82-b4b0-94a7fa7cb9bc,Florida,Republican
5bb12360-4dbe-4433-9793-07f1726c6351,Florida,Republican
11549797-1140-425e-9144-79a0cd737072,Florida,Republican
eb242502-d856-4109-ab7e-e6508976a12f,Florida,Republican
f4960f79-229a-42ab-89de-ce56570dc63e,Florida,Republican
173f2687-659a-4f3b-9e6f-8c7e2f0db603,Florida,Republican
41676962-3c55-4179-b115-2e3e56858aff,Florida,Republican
1813c143-6743-40b0-9c90-62f186f02149,Florida,Democrat
909fc264-30a7-4dcc-88d7-dc549c7dc8bc,Florida,Republican
403a3ac7-a6b3-4262-b7c9-28775c2f9a4d,Florida,Republican
f26ebbb1-3023-4bc6-804c-10719b6f5b34,Florida,Republican
252c7fad-23d4-4183-9ad5-ac163dade63d,Florida,Democrat
936171d3-c5bb-4edf-8872-58b58f87c80e,Florida,Republican
3fca7f22-9d07-4137-ad19-e90771f017d2,Florida,Republican
a249a95d-febe-4deb-b1db-2d073e899dd9,Florida,Democrat
2b016520-1901-4c4c-8a91-67882d0ad1fa,Florida,Republican
adc071a6-6e58-4fb6-8383-27a29fa52392,Georgia,Republican
061edcbc-d54a-4934-86a1-a7efd41d8d82,Georgia,Democrat
1acea553-8ce6-48a8-a1f4-2c6f6605069f,Georgia,Democrat
5372f972-413b-41db-8216-ab96cfb2d141,Georgia,Democrat
730944d1-51e3-468a-8c40-7711baf37a2f,Georgia,Democrat
8b874e36-dec7-4f62-8b89-5aaf62280a6a,Georgia,Republican
6eb424b8-4e51-47da-be1f-037932f9d6c6,Georgia,Republican
55053a2c-adc8-4a8a-a9f9-5b94e11422ff,Georgia,Republican
768de107-5fc7-4e00-adca-bcd63577fa26,Georgia,Republican
7e48ba1f-23d2-46e2-a3dc-a5b737354b0a,Georgia,Republican
b2b22164-610d-4f3f-8f22-8d7bfa83fdb3,Georgia,Republican
21f79ee9-48b9-4556-888b-7c17a76c208f,Georgia,Republican
c0835d35-1071-4a4b-b35f-85099be86dc6,Georgia,Republican
06772935-ff27-475d-9792-de989be9ef18,Georgia,Democrat
0f860584-76d0-46f2-8473-1b8c6d3583bd,Georgia,Republican
a25a2bca-0a5b-43da-9ab3-020d2cffd0c6,Georgia,Democrat
5665fb30-c81a-4762-8362-378ff609865c,Georgia,Democrat
fce5da7c-e952-4ea0-ad99-b161de025a96,Georgia,Democrat
78e97b7e-71b3-411c-940b-f9db094895b3,Georgia,Democrat
2febf580-5294-4027-b797-f1cffd6b063a,Georgia,Democrat
c0e5e73b-be09-4301-809a-c75c8defd074,Hawaii,Democrat
11c44431-9f52-4443-bb7e-f32bef143b3d,Hawaii,Democrat
d872094d-ea47-4604-9fca-1435aec23c0a,Hawaii,Democrat
2fcf2d10-5533-4649-bdab-d3212cd5cb94,Hawaii,Democrat
1c436d9b-5d54-4d86-addb-514b26dda778,Hawaii,Democrat
426b857d-0af7-4712-903c-ed2216f9b7f0,Hawaii,Republican
5188f6df-a094-4ca5-b45b-fd66d5e391db,Hawaii,Democrat
ca0d0368-a914-4026-9f51-dc385a1de75a,Hawaii,Republican
663e6a34-8bd8-40dc-b98a-7c7e49cbf673,Hawaii,Democrat
a6d70c08-c172-41f1-9d45-9d2dcd963783,Hawaii,Republican
cc3a07d1-757d-45e6-bf85-1372af31bdee,Hawaii,Democrat
e5fd140b-87d0-4a6f-a5cb-7a0a53be7b2f,Hawaii,Democrat
dce838b2-f74e-40fb-abe2-077b1036b1d2,Hawaii,Democrat
509505f7-86c5-4e25-b576-b2713e4271c5,Hawaii,Republican
518d8a44-441a-4f0e-bb34-929d52139978,Hawaii,Republican
af170de9-55e6-4596-89f7-eb1fb273b9f2,Hawaii,Democrat
7685932e-64c7-4e96-8f76-cb351fb24d04,Hawaii,Democrat
2e478f97-cd03-4912-9f0c-eca5b6269c46,Hawaii,Democrat
d746321c-cf61-453d-a091-154cec69d274,Hawaii,Republican
86fae61b-5760-4362-80b8-208b33423af4,Hawaii,Democrat
8ebc79cc-cd62-495a-bbb0-956e83286578,Idaho,Republican
934f3b81-0f59-47eb-baf0-7517895ffa0c,Idaho,Democrat
8c625933-d3d8-427d-9340-6214cce9e9fb,Idaho,Democrat
58cc9663-235a-460e-ab1a-8304ee3bc957,Idaho,Democrat
4977a3df-4bab-4e5b-9348-26d8598a5877,Idaho,Democrat
453802f4-f407-47a7-aaab-b548e43a405a,Idaho,Republican
fda00530-c612-4ac5-bf2c-31d9db312b3a,Idaho,Democrat
5e3a3de8-aa5c-4920-af9c-883eb1d4bcdc,Idaho,Democrat
76cf2417-4580-4159-933c-f79a80f2ca78,Idaho,Republican
6ac89d19-5312-4549-b2c4-bd1d64c831b1,Idaho,Democrat
c39dc1dd-5b6c-4d6e-925b-da5b767d7a1a,Idaho,Republican
afa21956-b569-4d7e-a2f1-9a2cb2a391b5,Idaho,Republican
86917989-33b2-49a9-ad84-ea5abd526f74,Idaho,Democrat
becaf3ac-05f4-4be3-89be-dba4f2d664c6,Idaho,Democrat
9807646c-835a-42d2-8e60-0ced5e3061b7,Idaho,Republican
cc637cb2-3a75-44e3-89d4-85351bd9b6f5,Idaho,Democrat
20da9b0c-2fc3-4320-ba26-97082fa5cff8,Idaho,Democrat
5203e7c2-294a-456b-855d-0908c14347ad,Idaho,Democrat
0a9056a3-26bc-4e7a-89ec-aa626e3e82b0,Idaho,Republican
f7f6ec63-b229-4bdb-bfdf-4533898486ac,Idaho,Democrat
cc640dee-8b6c-4df9-9ac8-f616d8011d4f,Illinois,Republican
46dee02a-50ab-4d9e-80b2-6518de477254,Illinois,Democrat
10e5c72b-4c51-427d-941a-d97cb82d1673,Illinois,Republican
7f5bd2bc-27ef-42d9-9613-acf5aa3e839f,Illinois,Republican
1aa22b57-10ab-4c6f-aa8c-f79a44bd35f3,Illinois,Democrat
d45e0684-0ebd-4178-8ec2-03e69df32d98,Illinois,Republican
82e26eb6-496c-43dc-8d17-b5a4f962d4c2,Illinois,Republican
056e9eb9-df7c-4d2e-8c9b-0a7a21b85fab,Illinois,Democrat
4cb05944-7d3b-4962-a25a-1b32a9960030,Illinois,Republican
c75b1fe4-af64-4bf1-afef-043f3d4d6707,Illinois,Democrat
7b1e2d3c-d6b5-4ab2-9cb8-a1a37d2d5163,Illinois,Republican
a3218eaa-4874-48df-95a4-0984e537aeaf,Illinois,Democrat
35025d21-b241-443e-97a0-0988970ef77d,Illinois,Democrat
728c9a45-d08c-4e67-ac26-3aed8347c780,Illinois,Democrat
117ac665-467d-4f22-ad2d-abc4cf428e1f,Illinois,Democrat
9f4c92e7-9caf-4481-ab2f-ea4f8192e4e5,Illinois,Democrat
b60934e2-c2fb-46b0-a01f-2bc88f9aefc7,Illinois,Democrat
2e8c0ff7-76b8-4bf5-8176-f98775343361,Illinois,Republican
5fa63e28-111f-4b05-9fdc-744165312770,Illinois,Democrat
093681b9-3361-417c-aea2-83761117350a,Illinois,Republican
0664c51e-5624-4cb0-bf80-352c3ceec582,Indiana,Democrat
5f9cc33c-3b94-4d45-8eab-2bfd3e8c169c,Indiana,Republican
13d44dfd-b5c8-4e9a-beb8-d01448c06c19,Indiana,Democrat
71ddddce-b68d-4caf-9aa2-fb22e007726c,Indiana,Democrat
a36436b2-d32f-4b8f-b9bf-c45acd16df9e,Indiana,Republican
2ed2946f-2f82-4d8f-9c45-4b3663bffce9,Indiana,Republican
55041441-1963-4566-81fe-073af1e09c23,Indiana,Democrat
acfec610-dfc1-44a6-8dad-77aecb60651b,Indiana,Republican
2b008a0c-9bb6-4337-8f3c-78ee43cfd509,Indiana,Democrat
8c1324fb-0ea2-44d4-92d4-acd7c00c7df8,Indiana,Democrat
b2602275-6305-4c65-8383-4104433d2bd8,Indiana,Democrat
a89148aa-dfc2-45e1-9d64-3a080b2f81f6,Indiana,Democrat
cf72b1f9-6139-40d5-ba5d-9330b9595c33,Indiana,Republican
ad639379-18d9-4c86-b7fa-f12fe8cc1f57,Indiana,Democrat
520776d0-7a61-4cac-abc6-11bff3fece4b,Indiana,Democrat
1c7a1cb2-6c2e-47cd-9135-8fa1c43ebd61,Indiana,Republican
04eed78a-4bf4-47e2-98b6-bfd87afed017,Indiana,Democrat
811c9dc5-2945-4d50-9d5c-cf71489e68dc,Indiana,Republican
9f9c0b3c-ad34-437c-b016-de5b1591e307,Indiana,Republican
eadf0173-a8d1-438c-978e-ab02dacfe191,Indiana,Republican
21cbe0c8-0bbd-46ac-a354-5500775c0f68,Iowa,Democrat
620c7d52-378d-4adf-b4de-5192c20c264f,Iowa,Democrat
a038cd26-d5ec-47ba-bc33-1bc45fe5d988,Iowa,Democrat
0fce4b93-4e61-46c8-bfcb-2d025e781358,Iowa,Republican
5d217e44-10c8-4547-b053-ad9ac36ea969,Iowa,Republican
6b32181b-0475-4de1-8c8c-86af46bc05fb,Iowa,Republican
9fa5ac6e-d582-4970-a779-8796e73ac604,Iowa,Democrat
21b5a19e-396d-43be-98c9-8abc8cb8c2aa,Iowa,Democrat
9f7cf9c9-57aa-438d-8d73-38ee0afe3c51,Iowa,Republican
dbbf07b7-7b95-43c1-970f-d2405a1ccb3f,Iowa,Democrat
c25845c2-66b9-4288-abc7-4395e03bbb27,Iowa,Democrat
20c492f9-0a66-4b58-8f42-6040334025a2,Iowa,Democrat
9ce14c27-6717-4c70-8464-394949c8d094,Iowa,Democrat
7fcfa050-1e40-4566-a03b-46aa2dfe307a,Iowa,Democrat
483bd2a2-00a1-4765-8c9f-b01f164fd025,Iowa,Republican
12b02fc4-e92b-47fd-aec6-6c95561f3723,Iowa,Democrat
2ca832b4-da04-4a51-a333-6c67a05f8106,Iowa,Democrat
c4983505-61c4-4339-acea-8ee460fd8912,Iowa,Democrat
21644c99-6d1a-45cc-9b1a-d9eb3ac1bda8,Iowa,Republican
5b2c8f20-f8b2-4e09-991d-11fbaa88f4f8,Iowa,Democrat
eeb7f507-da88-46eb-acdb-15f29818d7ae,Kansas,Democrat
3cf9ca4b-0f74-4b87-8b38-86be9a6a37d7,Kansas,Democrat
a3ad0753-04f4-437c-9d7c-a469f65df09d,Kansas,Republican
2096daec-ce12-4e46-8e38-22ab19e3e3fa,Kansas,Democrat
6f9b368b-0c7f-4113-939d-fe135f075171,Kansas,Republican
7dd1b9fa-3540-4151-a229-dbf8c2e61c16,Kansas,Democrat
d15d1783-9e3c-4b7e-a896-05b55ae65c96,Kansas,Democrat
e6f8da18-f943-4ab6-bcc4-4ef04a215a74,Kansas,Republican
c557fc41-78dd-475f-8765-5131f668c113,Kansas,Republican
868fbde8-df00-44a8-8cd2-30a8c5a22b19,Kansas,Democrat
25174bb1-f98c-49d7-861e-61a1b381db12,Kansas,Democrat
563acf7a-a588-4aeb-b4f7-4adfa1e108f6,Kansas,Democrat
d0df27bd-1455-4a56-8564-163207e3b208,Kansas,Republican
3ca56f42-b6ba-410e-bac2-8953f4486497,Kansas,Democrat
1170c9df-d0a4-41fd-b3b7-e22547e33563,Kansas,Democrat
dfad7a75-8270-41fc-a5c4-0702d81b6d63,Kansas,Democrat
6bc3a6aa-2b20-4f85-b814-36cecd8d4424,Kansas,Republican
9a92678e-057a-48f9-bb34-56a71db68413,Kansas,Democrat
e3d380f6-e6bb-442f-b497-9beae0bebc97,Kansas,Democrat
087b2a67-4702-480f-9163-d2c830744c0c,Kansas,Democrat
5160360a-054b-4fa2-b0d3-dddd65af0de0,Kentucky,Republican
8f327426-ff17-48f7-b61b-4156eba0df9f,Kentucky,Republican
b30bd548-d3fe-477d-863f-3f95d9052805,Kentucky,Democrat
fb55082b-b15e-4ffd-a949-125e1aea3d08,Kentucky,Democrat
2e7acd60-abb3-45fc-b88e-6756064632ee,Kentucky,Democrat
05009cd9-0a79-4e0f-88de-806b87c7cdc7,Kentucky,Democrat
42258975-f377-443d-a3bc-5e8c99886533,Kentucky,Republican
757b5667-b5b4-4b8c-abb3-f5557fc954fc,Kentucky,Republican
0a2f33e4-b0cd-4cff-806f-530bbb1a1415,Kentucky,Republican
3eba4711-4881-45d4-b7ef-1c0668266a51,Kentucky,Democrat
84b67d28-8941-4448-b4f8-0594a80cef40,Kentucky,Democrat
bbf93e3c-eb22-4be6-8f4b-0fdb10682bea,Kentucky,Republican
c1bf015c-1c6f-41de-958b-1c905adc0fb5,Kentucky,Democrat
a40788d6-483d-4a99-bc43-253b12150636,Kentucky,Republican
d58222eb-008a-4a3c-a49b-4a3a528db846,Kentucky,Democrat
2828890d-b741-4b1d-ab41-60ac2f36dbfd,Kentucky,Democrat
fc8b7539-ace5-49de-9fc6-c541a8b7aa22,Kentucky,Democrat
2ce746cf-cf0f-4bd4-aa42-3a9c88faa85e,Kentucky,Republican
532ac660-1c23-4bdd-8ebb-965a44d6a3a7,Kentucky,Republican
aecd1813-d024-4084-8396-868ec65dea7a,Kentucky,Democrat
5cfb723a-782c-4550-9fa0-ab3b779f3972,Louisiana,Republican
f0a2a3a4-88c6-42c1-b6c8-8f1a85cb2ff0,Louisiana,Democrat
e200de73-ab69-4ec1-bb7d-bd8ad9f98408,Louisiana,Democrat
90e3963b-9db3-429b-8a5e-ceb5b917a2ac,Louisiana,Republican
84dca1c6-34a7-487d-bd73-01e4282bbad0,Louisiana,Republican
062c83a4-e50b-40d4-8050-d39a063d03c8,Louisiana,Democrat
dd96b7ae-14d8-4e87-aa78-0f1699f867cb,Louisiana,Republican
75f4b502-85f3-4451-a566-423ae7f857cf,Louisiana,Republican
fcf51fa5-4d4a-4cbe-b3e0-ebae98355847,Louisiana,Republican
60eb73a5-5ece-4aa5-9061-d771be182735,Louisiana,Republican
a7e1bc97-8b54-432d-b5d3-2f0567aebd22,Louisiana,Democrat
5b3a8b98-19fb-473a-bb9d-f8d966ee4a3b,Louisiana,Democrat
046db3b3-5165-4bc4-94dd-704059db652c,Louisiana,Republican
642d2ab5-dacd-4fbd-9224-e71dddeeeb36,Louisiana,Democrat
6c80087d-393f-4d12-b432-e4df13781c05,Louisiana,Democrat
9d44411d-7298-4c8b-ac7e-f07390b8e8a1,Louisiana,Democrat
6616eca3-2d61-476b-b4c4-4a5cb4972402,Louisiana,Republican
443c0da6-c5fd-4e56-b210-bbc117992396,Louisiana,Democrat
a6039416-2f8f-4a9c-a16d-965d0be41cd8,Louisiana,Democrat
46f60297-4f48-4968-9089-c09176db3621,Louisiana,Democrat
96829764-86fd-47e0-aaeb-f734e5bca2af,Maine,Republican
e23b0564-ee01-4ee0-9880-59d3d43f5bf4,Maine,Democrat
942639c2-351a-46d0-94f4-f13a726d1982,Maine,Democrat
5702535a-bde7-4fb2-a0e3-b8818a99cf9c,Maine,Democrat
b939eece-72e2-40bf-a64e-780e4f24e88a,Maine,Democrat
6ead42ba-f0c2-4c2c-b4b5-f54d9a1a7033,Maine,Republican
3193e45e-9249-4a16-b1de-ea731bd81eb8,Maine,Democrat
e5c1fe7b-ed45-4c56-b6cf-fa9584add6d9,Maine,Republican
4d03f123-332f-4432-90ce-67aa9b0b6283,Maine,Republican
0195afc1-2b10-449e-9ec4-34af8fbe41fd,Maine,Democrat
fdc03a08-8927-4ad9-b74b-94368577f366,Maine,Democrat
45cb6421-9005-4cc5-9552-a3db587327f2,Maine,Republican
c7048599-8951-4edc-aac2-3038e419ef18,Maine,Republican
81588e84-f0bd-4967-987f-f48fbbe6c782,Maine,Democrat
4eda3819-feb3-4f79-8841-26affd88a9ec,Maine,Democrat
af65b4f0-2613-43b1-bbb0-8546aa4754fd,Maine,Republican
b2ab4b7d-97fd-40ab-942e-2423d71394bc,Maine,Republican
589218dd-772b-4176-8be1-4a8596c9a6d7,Maine,Republican
8fdc8434-33e6-40dc-b791-06f79a186c2d,Maine,Democrat
f1c67a0e-d006-4cd1-8aba-3cffe2af31db,Maine,Democrat
f9459b61-a71f-4a81-868b-264e950d98da,Maryland,Democrat
b6119eb9-cf7a-4f81-b5b6-1915e6afb807,Maryland,Republican
090d3330-b69e-4415-9739-73c0c66eb7d8,Maryland,Democrat
4c7b704b-7c7b-4fdb-ad2e-6c7c23ce62b8,Maryland,Republican
ebfde67a-09e6-412c-90ab-15e823b50a2d,Maryland,Republican
332fc8a5-7e82-46d7-91e8-fc5136eb9ffe,Maryland,Democrat
5b7afb0c-7123-4830-9d7a-3c089c7c8e67,Maryland,Democrat
93435a6f-44d5-4ac9-a938-cac501cce155,Maryland,Republican
3d1856ef-76db-47a8-b89b-799a53079af7,Maryland,Republican
e2847ba2-98a3-42f0-b91d-69d324573304,Maryland,Democrat
57ee6a12-2391-4b8a-b4d4-506271d6cd29,Maryland,Democrat
ae81061c-f0ed-47ec-9015-dc43227a273c,Maryland,Republican
290399bc-bfeb-4305-b3c2-8c496883d670,Maryland,Democrat
db9e43c3-ccad-4d60-ad69-6ccaba63d7e9,Maryland,Republican
41ce498e-1a2b-4eb3-9378-15705fc91a3b,Maryland,Democrat
556f80cb-b9e8-4770-a03a-bac9814e18bc,Maryland,Republican
4d5d0d03-9b80-4564-8ffb-ef6c73680fe1,Maryland,Republican
11cd7387-a893-4f33-b021-fd99086089eb,Maryland,Republican
8b7cd96e-a8de-49c3-be73-0e590088ab81,Maryland,Republican
c099c857-ff79-46e9-b2d4-b5e6394a90f6,Maryland,Republican
60e68a21-9f40-426a-ae94-97c6969c7dc9,Massachusetts,Democrat
6050cc1a-8e78-4690-b8f2-3f4196bf6032,Massachusetts,Democrat
ad548fe0-c2f0-47a4-8ca9-75d705267bed,Massachusetts,Democrat
d3adf0e4-9222-4d51-b286-b103f485f885,Massachusetts,Democrat
f7d7e9dc-23c0-4d68-9afb-a7863a6cfdb4,Massachusetts,Republican
af508bc3-1384-4143-b5d8-061b3acd3bcf,Massachusetts,Democrat
48d87653-b62d-4634-80bc-94dca2538faa,Massachusetts,Republican
70704b91-df78-4f1b-aac0-c221d93bd1cf,Massachusetts,Democrat
bb41f967-2127-4295-940d-04843b858693,Massachusetts,Democrat
d3030ccb-42f3-47cf-a581-40306d3b657c,Massachusetts,Democrat
dc211199-ffc6-4fb6-a04a-0ac2c07b9a4d,Massachusetts,Democrat
1b182d90-b4e7-4a5c-b997-7282d78f302d,Massachusetts,Democrat
a995be3d-52cb-4a81-819e-b1d3c942f7c2,Massachusetts,Republican
96a0f20c-aaf2-44d9-857e-3be19a8a7d36,Massachusetts,Democrat
7b70defe-15e8-4bb7-8824-3a9640da11cd,Massachusetts,Republican
0f977954-edb5-4091-b3cf-7c491be763d1,Massachusetts,Democrat
d749fba7-7944-4a1f-85cb-d04447ec6cc2,Massachusetts,Republican
abe40791-9525-4b2d-974a-8a4ec86c73ea,Massachusetts,Republican
82bb8663-8c10-4773-aff4-7ff3cfcc3c85,Massachusetts,Democrat
436005e4-c73a-4dcd-bbf4-22be4c1fc530,Massachusetts,Republican
cefa368e-39ac-4382-bf51-3a0ca95849e9,Michigan,Democrat
49678110-510b-41f7-a935-f92549520fb7,Michigan,Republican
134c716e-e317-4fe4-aa2f-d065d2ba5f9f,Michigan,Republican
6780b721-e623-4de4-a98e-c461f76bc7e3,Michigan,Democrat
eba1e85e-1c91-4e07-a6d1-37c3ae3580d7,Michigan,Democrat
779492a0-7c6f-4382-9ce0-7caa65802b8e,Michigan,Republican
a85aace4-051b-4b30-a775-4bb54f22b66b,Michigan,Republican
3ec1d3ef-e5ec-4bc6-9679-66e81da69998,Michigan,Democrat
76033657-4ff1-4233-ba7b-d76d0afa19e5,Michigan,Democrat
61af9dba-8e20-4f8f-9668-e9cfba51027a,Michigan,Republican
7aa92fc8-ed20-47b3-a337-e9e1a83b9690,Michigan,Democrat
4c704f55-b17e-45d4-a282-c46329b18a45,Michigan,Democrat
f1efe895-93ba-4f3a-963b-2a4827589e2a,Michigan,Democrat
2ba8419f-16d2-43ba-bcb8-8d53af6d07fb,Michigan,Republican
d8de2a7d-4df0-4412-a4bc-516dab2991f0,Michigan,Republican
fb9ad68e-e72e-4728-a659-8c9db73747f9,Michigan,Democrat
ef04a4a5-fc06-47ef-8712-45dfa7a6b8dd,Michigan,Democrat
7002f4bb-7ab2-46d1-990a-f158098d36d3,Michigan,Democrat
52a5c8b9-d337-4cce-99eb-15351203c902,Michigan,Democrat
e2a8b9d5-5114-4dfe-b557-d57f3f87c8ef,Michigan,Democrat
f8015e61-91ca-4054-895e-68e3d59fcbc0,Minnesota,Democrat
ca488555-d527-441e-aa5a-0442c3f3deca,Minnesota,Democrat
ed6dde0d-aecc-4ee3-b3b1-a2e3e09006bc,Minnesota,Republican
c035bee6-051b-4e80-b182-d12cdea89b74,Minnesota,Republican
df8a033e-35f0-4428-9085-60bc4ee63c0d,Minnesota,Republican
ff464022-315f-41cf-a8c8-140d00f10988,Minnesota,Democrat
7c70a14b-0e8a-4756-9eea-2af2fab21fa7,Minnesota,Democrat
1c88f40e-ba04-4309-8e69-4cb8cfb6d978,Minnesota,Republican
5c9a6651-eefe-494a-8366-f3df39a73de9,Minnesota,Republican
f100555d-f71d-4f99-bf1b-abbe20175903,Minnesota,Republican
32d3b66e-dbe5-4322-8ad5-9d5de2bc9f88,Minnesota,Democrat
a41b926b-bfcb-4424-88ae-73fe09e066d6,Minnesota,Republican
0f8b80ea-3619-45db-9e20-2d48cffedc23,Minnesota,Republican
99818536-a07e-484a-a8a4-54570ad1ff93,Minnesota,Republican
2b6a7a1b-4740-4e35-841e-9d71cc48df04,Minnesota,Republican
1ac13b18-3655-489c-a8d9-bff088c7dd5f,Minnesota,Democrat
fa625f8a-feb0-40fb-ad5c-6ed351105873,Minnesota,Republican
0279bd20-5b15-4ebb-9fcd-19b749f04810,Minnesota,Republican
2375ac61-c9c3-4cd2-a7e7-2b6c17490f79,Minnesota,Democrat
5f65d7ed-fd92-4c75-b73e-2c612f63da0f,Minnesota,Republican
41d069fc-889b-40a8-9fde-c4568227ce9b,Mississippi,Republican
da2a3144-df11-4d40-9c0f-f44b5ff43d46,Mississippi,Republican
bde3e348-ff3d-437b-b39e-fe9efcb4964e,Mississippi,Democrat
246e0b74-181a-49c0-ad14-83dc7633b7b2,Mississippi,Republican
751190ea-ab05-461a-a27a-99c6b0fed1c6,Mississippi,Republican
f7521be1-8645-40a7-a9c8-ee3d99d78521,Mississippi,Republican
2664d037-2124-4bbc-b7ef-2bb88994d6d3,Mississippi,Democrat
79ed941b-1a4b-48a0-a3d3-6a0fbf06fee3,Mississippi,Democrat
e460332c-7dd6-4796-ae62-72beb9f8c641,Mississippi,Republican
0e9bbab6-217a-43de-bc2d-51a2afbbca06,Mississippi,Democrat
f0af30d3-953a-4240-bf1c-67a1a8159f1e,Mississippi,Democrat
47952877-e8d7-4f27-a0d2-08bad22e6a59,Mississippi,Democrat
e34e1300-92a1-411a-84f9-a027a4c3e93e,Mississippi,Democrat
4c39eaf0-aee6-4382-b131-3323f30a78b1,Mississippi,Republican
aabccdae-fd58-42bb-add1-0af66921b8e6,Mississippi,Republican
2bac084d-91a5-4896-badb-5db80a227c9a,Mississippi,Republican
42166aed-abbc-4035-b140-e0179ea71b08,Mississippi,Democrat
72f30b4d-7e0c-42ef-871a-31852dea2b31,Mississippi,Democrat
0842e5b4-9106-4140-a2e3-ab954650eb04,Mississippi,Democrat
7df576b1-0ab2-47c8-9bed-f23b312ece07,Mississippi,Democrat
e0d9b114-2195-489a-8c13-41f6ee73b254,Missouri,Republican
536e4792-d3a3-4b65-86e2-cbfecfeee30a,Missouri,Democrat
25efe77e-0780-497e-9ced-6fc113f3789a,Missouri,Democrat
0c404e9e-e8f2-4cf5-a630-1962413a19cb,Missouri,Republican
cfbc2d85-8704-44fb-b5b9-5aa29f52cc82,Missouri,Democrat
eb2774a6-db7a-4a02-aeb7-24d83145947c,Missouri,Republican
e56dae30-6a76-4e74-9e77-650374b7e114,Missouri,Democrat
f724160d-4bfa-4b11-b23c-8a9d18de653f,Missouri,Democrat
3bedca9f-6be4-438e-a797-31124e6d3aa6,Missouri,Democrat
218272ab-6552-4994-b9be-be7a88648850,Missouri,Democrat
eb94ab44-bb7a-4489-ab81-bd7fe4a3dddf,Missouri,Democrat
d0d2c25a-53c6-4971-8f54-9929ecb53d24,Missouri,Democrat
419a7d54-6acc-4a43-8935-ceca1a37040c,Missouri,Republican
9c069ef7-93aa-4bff-b106-e25398c1587c,Missouri,Democrat
2cec569a-1934-4105-ac3d-6f824efcbf5f,Missouri,Democrat
24e0e827-96c5-4e95-9774-d7bc1dbc6c05,Missouri,Republican
51f1ccb4-745c-46d7-bd22-580db2db9e4f,Missouri,Republican
f6070736-614a-4f20-866f-e39aa95008bb,Missouri,Democrat
4049812e-bbf3-4b4b-a378-e744ca56e0ae,Missouri,Democrat
2c0f7596-e159-40f3-8042-74347ad6fd3f,Missouri,Republican
d2260ad7-a3c3-49b0-82ae-7644494d6a2b,Montana,Republican
ed3455f5-f5e8-4c04-84e4-f53f8ae92055,Montana,Democrat
f67a7ff9-84b3-40d7-8937-5b606f30fb2b,Montana,Democrat
c877604b-a488-4d1f-8d09-cd647e3e4611,Montana,Democrat
561f30ed-ce08-4d47-ba22-7b7d083060f4,Montana,Democrat
8b09080c-260c-4473-97f2-c0493ff7e880,Montana,Republican
bf13fec8-a92b-4c6a-a1d1-59f318f95787,Montana,Democrat
84d02fc4-95c7-4f66-82be-9a8b5e9f4afb,Montana,Republican
a053ac38-93a3-481b-886f-977a0e6de4cd,Montana,Republican
47488f92-65e8-4b7a-b9fe-8a794fb0a0aa,Montana,Democrat
84d7a976-05f8-4b56-89ec-6c266c7ef049,Montana,Republican
ae3b88db-674b-4c91-9934-36b21e0fe1d4,Montana,Republican
bbac8485-1807-4cb1-949f-a0f33dc3ff1e,Montana,Democrat
d0ddb21f-2093-4b6d-b974-a062204255e7,Montana,Republican
c26c32f6-d933-4913-bdbe-a477dc6fb86d,Montana,Republican
c37f1482-04c6-4dc5-92a6-72478769afb5,Montana,Republican
2ffaf10e-eaea-4d01-adc2-2d068a9ca5b1,Montana,Democrat
0006c2c3-20a6-4103-baeb-7fa03680e6ec,Montana,Democrat
107ab03f-5992-433f-aee4-e765c306694f,Montana,Republican
82265e7f-37dc-46e0-8afa-c8cd609356b6,Montana,Republican
8fb44254-a887-4f99-9f20-26dbf0094665,Nebraska,Republican
3c19dd42-e82b-47e6-ab58-3acaf52d193a,Nebraska,Republican
90bd4161-d16c-4d61-a48a-ef21a77328ed,Nebraska,Republican
2556f856-1268-4334-9d52-65ced582dcbc,Nebraska,Republican
c918532f-930f-4bda-8140-0a490cf87b4f,Nebraska,Republican
22e456f6-e62b-4b1d-bf76-9cea547c143a,Nebraska,Democrat
f3579a2e-84e4-4d77-9ce8-90fcc76556ea,Nebraska,Democrat
6043b899-022e-4778-b08a-caa5ba93d8a2,Nebraska,Democrat
d3abdd26-c7db-4c34-8a85-20a55c275f08,Nebraska,Republican
06e7c346-672b-405b-8fe8-7d49371d394f,Nebraska,Democrat
f2143dfc-c7b5-478d-9a6d-8bb351ea1a7d,Nebraska,Democrat
465dc904-002a-42aa-8512-8b415a0ce1c1,Nebraska,Democrat
b8fa661a-7279-4831-a38e-48c89f010df9,Nebraska,Democrat
61473f09-302b-4e78-9607-4d5c95464e4a,Nebraska,Republican
6d705d65-f7da-4bdb-9ce0-5c101dd8d04e,Nebraska,Republican
fa23e529-6ede-4367-949e-a590f4587b8a,Nebraska,Democrat
11ef1efa-a9e3-47f1-9273-597d81c6e3bd,Nebraska,Republican
1015c66b-de8f-44db-b9e0-d50519093178,Nebraska,Republican
5dc2b8e5-d916-407f-8272-cf5a107fd89f,Nebraska,Democrat
953e8a3c-c61a-4ceb-b333-ee7c51b86930,Nebraska,Republican
33693846-a567-4f03-89e8-fb1dcfeaf1cb,Nevada,Democrat
d48410e8-b303-44f7-812f-954c8bec00bd,Nevada,Republican
172db1bf-a6c7-4fb0-9485-faebb97981c2,Nevada,Democrat
ac0f5d28-26db-4896-a568-2f646cda1743,Nevada,Republican
ed1c7ab0-8acf-4a45-95b0-908a473c7833,Nevada,Republican
5998be96-1ddd-4cde-bd86-7e238bb6b8f5,Nevada,Republican
87052508-fddf-4069-9af9-99ce6f9b2da7,Nevada,Republican
e93f592d-d376-4e71-8d12-5f4bbe01503d,Nevada,Democrat
f0adfad0-0681-40d9-8d18-ec2e4296ab7a,Nevada,Democrat
80deee8c-6c7a-41d3-af11-515c7c545e9e,Nevada,Democrat
6ab213bd-e344-4300-9d1e-256361ca69a1,Nevada,Democrat
9e86e4a4-aeb0-4ae9-ab28-8371bbda367a,Nevada,Democrat
ce8f7870-1c5e-4225-89aa-d524c036aa31,Nevada,Democrat
6cb7dd7e-b8dd-4db8-a1b1-2869334013ea,Nevada,Democrat
031f69ee-efa7-46ac-b661-de955e45d163,Nevada,Democrat
3bfe4716-c154-49ab-9ea2-5766a76da44f,Nevada,Republican
1981d837-abec-4257-ac9a-d0d08fa79e96,Nevada,Republican
313e3ca6-0348-4c8a-a842-f98057c81750,Nevada,Democrat
a63d8a7f-d9e1-4441-b6e7-44aa4ba92052,Nevada,Republican
1ffb5542-fd0a-439e-9bcb-c07c49381636,Nevada,Republican
0f7e8278-962e-45c4-8f7e-0aef51cf2106,New Hampshire,Democrat
b02c2e30-b361-4836-a78c-79b578d2e230,New Hampshire,Republican
20a31c80-22b5-43f0-b47c-9f6c583b98b2,New Hampshire,Democrat
10958fed-d2b9-4b7e-bbc0-cf36dd09cc11,New Hampshire,Republican
9755ff20-f61b-45d6-96e7-4f91fb64e295,New Hampshire,Republican
8ffdef3a-6265-49cc-bb51-249c10c9d4b7,New Hampshire,Republican
d7d42fb8-4b1e-4ef2-8f47-31957da48721,New Hampshire,Republican
48aef0e7-4682-41f5-9ead-b5a4a59d13ce,New Hampshire,Republican
5b4bdedc-e8fd-45ea-a2a7-10f77885f473,New Hampshire,Democrat
58070986-69ee-415d-941c-8c8fbfbd048c,New Hampshire,Republican
b7aed471-4e84-4a15-95e0-afc90602e82d,New Hampshire,Democrat
bf5ea6df-7cbb-475e-997a-28f138fae071,New Hampshire,Democrat
d2b49002-01a6-4f8a-8cc7-6fcc4d26e92c,New Hampshire,Republican
bf9a15fd-266a-42ad-ad14-f58b38431b18,New Hampshire,Republican
a5d6a902-8957-4648-9679-150f99b5ebc6,New Hampshire,Democrat
a593a271-f42a-4f13-a711-8799fb7c951c,New Hampshire,Republican
30df2891-5c5c-4a0f-b2b2-031a911b8554,New Hampshire,Republican
194a05c1-6df5-4042-a1c2-d89da04c077d,New Hampshire,Democrat
b6a992ce-07d7-48ae-9184-46be0fa92522,New Hampshire,Democrat
b073a6f6-ba15-40fa-98f5-ab0e10845f5f,New Hampshire,Democrat
b5e7400a-feef-4eb4-8d8c-6af735c5a643,New Jersey,Republican
9b90c745-a8e5-4386-9d03-56d03e09eff9,New Jersey,Republican
ae8a99d3-e2fd-4299-9421-04c4619f4b7d,New Jersey,Republican
94c7bd01-ecd6-4ffc-b610-f589f862a754,New Jersey,Democrat
3ec6d270-42ec-43d8-beaa-707baa670358,New Jersey,Republican
28bdc2b8-fa79-4f44-903f-5f066ed0bb6f,New Jersey,Democrat
cd67f682-ff9c-405c-8ec7-ef7dab2230a0,New Jersey,Democrat
a3d250c1-3acb-4042-86a1-fbc0ebc444e1,New Jersey,Democrat
26294791-128b-438b-900e-b442135e485f,New Jersey,Democrat
b34287ba-9674-4445-a7af-1b0433e133f3,New Jersey,Republican
e99c6258-8d46-439f-98f3-e8483de7b928,New Jersey,Democrat
0b29c47f-016f-44d9-bcd6-11b5d4d275ed,New Jersey,Democrat
793a9d96-da30-4e66-9877-59fecd29730d,New Jersey,Democrat
76e4a3fd-8140-49c0-b388-4a0a1ff190e5,New Jersey,Democrat
1b3e6329-9c0b-493b-86d7-db2f5e25c50d,New Jersey,Republican
a81f297c-3a3e-4b4d-a247-970f4099d8af,New Jersey,Democrat
5bdf0558-ed9a-424a-8608-8472142f0336,New Jersey,Democrat
8d9ff593-1048-4321-ad15-e6593ba49e05,New Jersey,Democrat
94bdde4f-6f28-4b12-8e50-09b576ebf702,New Jersey,Democrat
d1ddfdcb-b474-4ed8-8469-da1d117378d8,New Jersey,Democrat
5dd5fff3-54cd-480b-8dd8-05a0835c9e3a,New Mexico,Republican
ac01a413-2e3e-44d5-8ac5-9631a2107b29,New Mexico,Democrat
0acb1d3a-1df3-4150-a92c-9855651f4c32,New Mexico,Democrat
3e00e329-0238-4c2e-b907-cf7c6d137dad,New Mexico,Republican
24e87a5d-10a4-43ad-be29-4e2a139093ab,New Mexico,Republican
02239415-d2f8-47a5-968f-424404ee12b0,New Mexico,Republican
6daa90fc-08b6-4ad4-8a35-956ea56ee2c4,New Mexico,Republican
e86754bc-a0bf-4067-b50a-28729ffd4d69,New Mexico,Democrat
f7265353-04a5-45ca-b86e-8c4900815f78,New Mexico,Democrat
eb8cdf81-f4c9-45a8-ad15-0c7f9242d534,New Mexico,Republican
17e688fc-5989-46f6-8ef0-364479179835,New Mexico,Democrat
e10c60aa-e64b-4057-a402-34543240ecfc,New Mexico,Democrat
ae0fead5-91d1-4d6e-bc5e-e8e77277b94f,New Mexico,Democrat
19f85009-5365-40b9-9f47-7fa5ed4f39d3,New Mexico,Democrat
01e9368f-b8f5-4d57-bdcc-266035e1057d,New Mexico,Republican
eade722c-58b9-4ddc-b015-b0f3570746ad,New Mexico,Democrat
6ada9223-43bf-42a7-a04d-0d70c2fe74c2,New Mexico,Democrat
906b4221-1140-4260-8dfa-0e806046f12d,New Mexico,Republican
a7258c25-78c2-42f1-b2f8-0c10eb044a31,New Mexico,Republican
7717e406-d2c0-4079-a16d-881dccb7028a,New Mexico,Democrat
15db4af5-b60f-4011-8d75-82f237ec5da4,New York,Democrat
0bfb6707-2018-4894-b972-308cf7cf3aad,New York,Republican
95d7915d-570d-4795-b206-215aa7d2e7bb,New York,Republican
bd8d658a-2908-475b-952e-e7c5a787f611,New York,Democrat
b45da9c1-d933-4c11-8266-f95695466320,New York,Democrat
da3303bc-6551-443f-a570-94cd086e20e8,New York,Republican
452e08d2-82b1-4019-971d-a3fc44930d3a,New York,Republican
21450ebc-79d8-4f4d-b414-faa40eab0315,New York,Democrat
6d18ce87-a55b-445c-9799-5907592361a3,New York,Republican
5e582457-d350-46b0-b4b2-face0ced868d,New York,Democrat
a057d1b2-8d38-4abc-b2d0-4f90921fa243,New York,Republican
b7ae43b3-03b1-4c8e-a8e4-931a8b7b0339,New York,Democrat
2f4c0360-f84e-41de-aa0a-7326dd303921,New York,Republican
6cbe15a5-9b6d-4671-ae7b-98890ba99012,New York,Republican
1c57b726-7808-486b-8c75-4c1116d3e566,New York,Democrat
9be52ecd-0fe9-4207-a023-b3a40c965164,New York,Democrat
ba24385d-62b6-43d0-ab7c-83d3af4c11c5,New York,Democrat
c20e20b7-dc3f-4409-9fd3-3b76b5fb65e6,New York,Republican
084e54af-a0b3-4d50-999d-eb97d7f8d4f1,New York,Republican
d36995d6-3e11-4792-a458-c46590391e2f,New York,Republican
417db791-d156-44cc-8132-1e7b6a03673f,North Carolina,Republican
24905c2b-2010-4fbf-9c3b-a578f74a3e54,North Carolina,Republican
f6dbc990-1af1-4e2e-9261-3d94903a6704,North Carolina,Republican
46386faa-ad53-4fe5-bd6a-ca0166bc60f7,North Carolina,Democrat
4be9567d-dcef-424d-aa7d-3297d4fc6f04,North Carolina,Republican
86eb9e4d-867e-4ac9-9566-d6ad70dc44ae,North Carolina,Democrat
420496d6-5027-491b-b9f6-7d82e8fd56ee,North Carolina,Republican
12429a15-34ac-4396-93b5-f7155c8c0f96,North Carolina,Democrat
82b6a0c7-b14f-41d7-94d7-f12a84f5e59d,North Carolina,Democrat
ce7014eb-2ce6-449d-95ff-9982be14379b,North Carolina,Republican
6129ebb5-0836-449d-bfd8-a0ec001bad32,North Carolina,Democrat
8d53481e-ab27-4c4f-9045-c23b1f33a472,North Carolina,Democrat
9c4f8f5c-1d97-41ea-b735-17226d3f66fd,North Carolina,Democrat
33f95e74-aac6-4ab1-8be0-c6653a0ac233,North Carolina,Republican
7442f059-0dab-4f68-88f3-d7fcc99611d8,North Carolina,Democrat
7437cc9c-c822-496b-8ec1-d865f3a34066,North Carolina,Democrat
b592f906-051f-4b2d-bdaa-67791819e7ad,North Carolina,Republican
73b11574-8cf1-4776-8fb9-be370dd69719,North Carolina,Republican
771bc4a3-5be0-41b8-b2ca-2750a54b503a,North Carolina,Democrat
87981547-5431-4ab1-beea-ddf836671049,North Carolina,Democrat
5003ce34-39c2-4c23-bcb0-97758e02198b,North Dakota,Democrat
511492e7-63f9-4c0d-8922-c617094cdcce,North Dakota,Democrat
3e2d4f26-9ec6-4608-abdf-cc1d4943f524,North Dakota,Republican
a726ec99-0de5-4aca-81dc-7329880fcdea,North Dakota,Republican
bd590733-41c0-44da-9b7a-0d55da56f711,North Dakota,Republican
5d38b426-6ca5-493e-ba07-16ba7f599962,North Dakota,Republican
a4b1168b-4283-4374-a2c6-948417489b41,North Dakota,Republican
f163b976-c896-40fd-bda3-e535f5f00ec9,North Dakota,Democrat
11f27070-4974-4aa7-8b52-41d5bd2cc029,North Dakota,Republican
1fac6c15-a145-4430-8034-e41f1a9cec4e,North Dakota,Republican
f4e9ac01-c6c8-4c60-806b-8bc6dfbcf6ea,North Dakota,Republican
23499a06-0e6b-4ff4-949d-c705c7ff7fbd,North Dakota,Republican
192d0bde-8cc4-42ba-90b3-c47600bfa8d4,North Dakota,Republican
40ed75e1-bed6-4ee0-bd86-d5a367e9ece9,North Dakota,Republican
40c52299-02b7-4a72-8df5-049dce38639f,North Dakota,Republican
d9c8ed52-78ba-4e01-a794-3efefbcc8d38,North Dakota,Republican
00a82c4a-1b0b-46f8-a12f-9ac172349d82,North Dakota,Democrat
9fe7941e-c765-46df-ae00-497a178cf508,North Dakota,Democrat
bc53e295-28e2-4eca-aa8c-bce242d80d50,North Dakota,Republican
1bb4cc3d-6201-4918-983e-b5ad0134566a,North Dakota,Democrat
6a62fbf0-8db4-4d3a-898a-dbef4485d7d4,Ohio,Democrat
e5842ea1-f4bc-431b-b372-d34d17f67c2f,Ohio,Republican
bb5135f2-b5e9-4b8b-bfab-1028c8277559,Ohio,Democrat
b7623c3e-3e7c-4c55-929e-9d63314212fa,Ohio,Democrat
ddd1335c-4660-4939-af8a-037799b2d183,Ohio,Republican
c75373b0-9317-4c65-a4e4-ddf6e11ab719,Ohio,Republican
37323746-6e47-4039-98cc-e373d1d726fb,Ohio,Democrat
78339f68-1e79-467b-81ee-27a23032316a,Ohio,Democrat
e2d781ad-a06e-4275-9736-a3015ce8ea4e,Ohio,Republican
45dc9510-42c8-4806-b734-b18bd6c0e3ff,Ohio,Republican
af14fda9-f5e6-4f71-af57-a8171f7c6f88,Ohio,Democrat
83e45dbf-9b2a-49be-97eb-9078662b9469,Ohio,Democrat
c26a4a1b-487e-46a4-8408-24d6b368b110,Ohio,Democrat
df6b9bf1-a1a3-414a-97fc-5ccbc225f6b0,Ohio,Democrat
b67074fd-9ad3-4554-bc51-aa7a2bec8fd5,Ohio,Republican
a8a26358-3cea-42bc-9fb7-46660092cf82,Ohio,Republican
ab835e14-ef26-492c-aba8-e37de64b71e3,Ohio,Republican
537bda44-cb99-4e8b-b97d-85ed6695f101,Ohio,Republican
2cf44e61-f52c-48b7-8317-78597c03621b,Ohio,Democrat
e818a979-5171-4e8e-a7e9-6cf7c66e948b,Ohio,Democrat
f6f9a005-5ecb-4f1f-b5a3-f9975f99680c,Oklahoma,Democrat
ff0f42f1-1122-45e4-9003-2b0e449873d2,Oklahoma,Democrat
2fc71dda-27c4-4f47-8e07-dfe288c3e984,Oklahoma,Democrat
e7b98679-a872-473a-8c60-c31404ffdc40,Oklahoma,Republican
ef966ca6-3340-4602-bc19-cf4feb010039,Oklahoma,Republican
f961d051-fb0b-4684-8d76-e4d77c8d708d,Oklahoma,Democrat
0b8671f7-4bf7-456d-b0cb-393df3572556,Oklahoma,Democrat
86802420-595f-476b-8c83-068dd99c548f,Oklahoma,Democrat
8c6e9fc0-303a-404a-a2e4-7ca8ed53fc01,Oklahoma,Democrat
c59b9427-4513-4735-99b0-65c208acc17b,Oklahoma,Republican
8c22dd66-c98e-42ba-873b-515a31a723b9,Oklahoma,Republican
00b1ff70-676e-458f-86ad-7b02e3ccb377,Oklahoma,Democrat
8fcd3953-77b8-4957-98f1-fa329005f7a3,Oklahoma,Democrat
60a1f744-735f-43c9-9944-838a69b3725e,Oklahoma,Democrat
cf9627a6-541b-4cad-946f-b02ecd6ff932,Oklahoma,Republican
5e8b3033-a322-4355-b8f2-a69a13d5c56b,Oklahoma,Democrat
0f527e89-6636-4d0b-a617-637c509e5fdb,Oklahoma,Democrat
10ffcc37-1872-4f1f-8609-4849156d1449,Oklahoma,Republican
7896e5dd-1a35-4005-95f9-bd816f3c443c,Oklahoma,Republican
0cb5078b-9485-4df5-83a9-9ae046ceaad2,Oklahoma,Republican
dce2a002-497f-452a-b386-6e440643b8eb,Oregon,Democrat
2adb8da8-06e7-4c22-9261-4759dcc5271d,Oregon,Democrat
8826560d-212b-4ce7-a5e4-6f924303e91d,Oregon,Republican
938ece69-9186-44ca-aa57-d9d38edfa06d,Oregon,Democrat
7ce1eca8-e9bf-4d14-bbab-c918da00c695,Oregon,Democrat
171ac1d9-2886-4d52-a037-90b6ddc6f818,Oregon,Democrat
a6619db9-f473-4e73-a371-3676f21ec376,Oregon,Democrat
7238e198-3ffc-4b12-a9b4-033c58244f6f,Oregon,Democrat
7322d018-1e8c-44bb-862b-33d40728fc91,Oregon,Democrat
82c6e343-e01f-44e7-8b1a-46380407169c,Oregon,Republican
0162d319-db60-4aad-a6fc-0fc89c3f4c78,Oregon,Democrat
fd6bdbee-8d96-4246-8e01-e46ddcec4200,Oregon,Democrat
3bf10c39-953b-4394-9d0f-17dcd10d1810,Oregon,Republican
03152f9a-f20a-4c4b-b39e-e13fe587c04d,Oregon,Democrat
4da1a8a2-977d-4159-a269-20a886508986,Oregon,Democrat
8d48e162-1d90-433b-9032-437fe7b1a25b,Oregon,Democrat
2eb9be3a-cfef-4e91-8561-35fa554a537b,Oregon,Republican
75e077ca-6f20-486e-8993-df5cc7bdf46e,Oregon,Democrat
1a7c8569-dc08-4150-a385-ad4e5ba917d3,Oregon,Republican
caeb579d-4ec0-4b67-bf5d-a2a16062bc3c,Oregon,Democrat
1d2a645c-f697-45d4-b360-284ad4ef53e2,Pennsylvania,Democrat
5f8bf3f1-5c71-4116-95b5-86bdb629cb5e,Pennsylvania,Democrat
cc6ac8ef-2623-4e4f-bcc7-1a58b25e697e,Pennsylvania,Republican
4a1a9daa-c577-42e1-a9e8-fcc07995d018,Pennsylvania,Democrat
62f355c8-2214-4276-8e67-465e60806e97,Pennsylvania,Republican
f47f9bcd-66d4-434f-b611-d9b91ad36331,Pennsylvania,Democrat
23931f15-7bf5-40d8-af43-91f1b108d8c0,Pennsylvania,Republican
fad516d6-461b-4864-9b0a-1651fd4070dd,Pennsylvania,Democrat
21e934a7-919e-4689-8b40-48244dd98b78,Pennsylvania,Democrat
c8317c0b-a2a6-422b-bd4b-123a86fab064,Pennsylvania,Democrat
5a69da97-ca00-4055-ab7f-3f89ecf56587,Pennsylvania,Democrat
db7cec7a-308c-4d27-8afb-15ca4800bb43,Pennsylvania,Republican
1a544e47-9fdd-487a-a9bd-7128af15f5d7,Pennsylvania,Republican
162d2446-97fe-464c-8101-837f68c66037,Pennsylvania,Republican
41ebaee6-74e1-4605-bcac-dba3868e3c03,Pennsylvania,Democrat
2b21f3c2-2091-4cbe-84ae-80a34e2460f0,Pennsylvania,Republican
8a36284f-4361-48f0-9515-0d8ad88b919b,Pennsylvania,Democrat
4b5a2495-e9ef-4106-b9aa-84f85f036a5e,Pennsylvania,Democrat
5a068fe0-c877-45f3-b17a-88504da27dc6,Pennsylvania,Democrat
6ec21d80-7481-4b0e-b42b-f681633a88dd,Pennsylvania,Republican
7a2d9756-b3d2-4297-b078-751f25ba36d8,Rhode Island,Democrat
29c6a1d2-b361-4827-a9b7-5f8505a25a0b,Rhode Island,Democrat
c5922fa1-64af-482f-9ef3-921c110945bb,Rhode Island,Republican
a303cd12-66cf-4e64-9d36-00626bad8577,Rhode Island,Democrat
166d01d8-a0c4-4076-bd13-af5ac88e1d1c,Rhode Island,Republican
3c93146a-2d2a-40a8-b26b-d1c6db78e897,Rhode Island,Democrat
e5d19883-954e-49ba-abcc-0a0efda07475,Rhode Island,Democrat
c093d9f9-161f-4152-a484-15cd008c2a9e,Rhode Island,Democrat
6d2a958f-295a-4de9-b260-935be472fa39,Rhode Island,Republican
72a7c2d3-7fea-4205-b106-0dcc55dfae4d,Rhode Island,Republican
46c1f1e4-6399-4e47-9138-5700f877fb17,Rhode Island,Democrat
eb795166-a9da-4479-a4e4-7d9813d4e1c1,Rhode Island,Republican
cdc2614b-96ef-4ed1-8a97-898ed43888f0,Rhode Island,Democrat
bb9eaa8a-017b-4232-b2f6-bdaf28eba163,Rhode Island,Democrat
bd8641fa-5ad4-4a6c-b540-6d0be72a1cf0,Rhode Island,Democrat
2dfabdca-7068-4ebd-85e8-8fa501dfe601,Rhode Island,Republican
672e6415-f4f1-46d4-97d8-a0b8acde205c,Rhode Island,Democrat
3fcbd6c1-9509-42d7-a842-0bb9f3f3b74f,Rhode Island,Republican
b890e045-0f0b-49e9-b675-b10b10154cd8,Rhode Island,Democrat
891c7e8c-1d71-4eb3-b83e-1d796e549a84,Rhode Island,Democrat
36b8165d-1f99-43f3-88c1-4fc059dbd031,South Carolina,Democrat
9f2d92e4-11ba-4db1-9518-aba0e5f3e689,South Carolina,Democrat
ae15788c-3bc6-47dc-bcbc-1cb268cd134e,South Carolina,Republican
497c23ca-6107-422a-81a0-ef898aa9b570,South Carolina,Republican
f4df0eae-5e73-47b5-bed7-556a649cc874,South Carolina,Democrat
e74e87cf-bb91-45ee-a7b7-adc69a476d01,South Carolina,Republican
fbf5be63-c2cb-46fe-9919-d8b8c370e16c,South Carolina,Republican
38e3c049-a6a9-4461-80c3-9b3c1a8f870c,South Carolina,Democrat
1b95f00a-bd98-43fc-bb82-dcda6666299c,South Carolina,Republican
d16109f1-d3e2-4c29-b399-9355a1be148b,South Carolina,Democrat
db1181cf-492b-44df-bb03-29df13a366f9,South Carolina,Republican
7313bbc4-c5b6-4fec-9fea-c26455f1ed50,South Carolina,Republican
da5acce0-cd91-4139-bc2e-a3cdf3035758,South Carolina,Republican
b3445819-512a-4e34-a7e7-c1a4c57d3bfa,South Carolina,Democrat
6999c784-ac07-41cd-95b7-750213a290d9,South Carolina,Republican
374a93c3-d29f-4d99-84dd-25dd1ab8c456,South Carolina,Republican
a8374ed6-19ec-457e-b868-cc25bcbeea8b,South Carolina,Democrat
4610f21a-b90d-4d31-8e5e-b99582f2a0a7,South Carolina,Republican
558e1db3-744e-4be7-98ea-3e21c080d815,South Carolina,Republican
ab56e2f9-837c-49bb-b178-4ad1b2588616,South Carolina,Republican
0ebf0a22-ee1c-4233-8e5e-193dcfb74a70,South Dakota,Republican
619aaa16-2383-432a-9a79-23c9813347bf,South Dakota,Republican
79c54e3e-8189-4139-8472-7f5ab9ed0490,South Dakota,Democrat
6a8c0aa9-3745-475e-8a54-956ceef38e09,South Dakota,Democrat
994848ff-4d1f-4f78-ad5e-9f3956029baf,South Dakota,Republican
a974f623-5bdd-425d-b73e-f1ca41707097,South Dakota,Democrat
92c5c380-51c2-4d36-849e-0a17b33da445,South Dakota,Republican
4e68637a-0c2d-4a04-a6ff-5beafb179f8e,South Dakota,Republican
923b48b1-da18-4520-8c11-5f1c662abce3,South Dakota,Republican
ab601e77-b8e7-43ba-a228-a676d1e76783,South Dakota,Republican
0da680f7-8ead-4b0d-a59d-fb017b15d01d,South Dakota,Republican
7db29365-7bac-4a5f-8df6-b3ba9df6297b,South Dakota,Democrat
4e2ab370-c0e0-46c3-af5f-f84ae5266844,South Dakota,Democrat
5d1503d2-03c8-4c88-921f-e80cac0af4ee,South Dakota,Republican
202a8a38-a118-4782-96ae-a2372be98353,South Dakota,Democrat
01f0066f-5beb-4e24-b738-1f281cbf6e9d,South Dakota,Democrat
d6f11a34-9b97-45c0-82cb-bd1092ac5e9e,South Dakota,Republican
66ff50d8-83c5-460e-90b7-d7a3447efca3,South Dakota,Democrat
384306af-cc7a-4b71-b1f5-a09492f93dbf,South Dakota,Democrat
5da6faa8-8f17-48fe-aebf-daee8712d1b2,South Dakota,Democrat
dcd275e0-53f8-4894-b943-f4a8c2cd9018,Tennessee,Democrat
f7285523-9fdd-49a7-9bc1-283579244085,Tennessee,Democrat
9f9a6ff4-8f2a-4f57-8310-0e23d94774a4,Tennessee,Democrat
f0ef2e45-89cb-44a9-997a-4aec5d3743c9,Tennessee,Democrat
8d97ef76-6ee1-4186-bd68-7a9e6b445414,Tennessee,Republican
e1e033cf-a28e-4e0b-9353-b905bfea4c2a,Tennessee,Democrat
20f9f241-80b1-44cc-8a08-d5b1edc111c4,Tennessee,Democrat
5753162a-a18b-4d81-9355-b90420dddf3f,Tennessee,Republican
59c1c653-5af8-4506-9b5f-18e041a3a486,Tennessee,Republican
fcd0ccbb-1b0b-48a5-9dfb-fcdd9b01d40f,Tennessee,Democrat
8cd67f11-27df-4d9e-a0f3-702cbb9969c7,Tennessee,Democrat
a69308e7-63c2-44d3-96e4-2a20a1755eaa,Tennessee,Democrat
e3cce756-7532-4625-a4aa-c7fdb743d03f,Tennessee,Democrat
4be548ac-81fd-4971-9069-73ba1c5a1f94,Tennessee,Democrat
35797f72-1629-492f-8c21-9b9cad63d89c,Tennessee,Republican
b4e09111-ba10-40f7-b702-e36b90b43010,Tennessee,Republican
086ad843-c7c3-4834-9ebe-2627f19c4ec2,Tennessee,Republican
7429e902-01eb-4af5-a90d-93ff35d9f910,Tennessee,Democrat
79f0f622-c5b5-431f-8de8-568a1b887a18,Tennessee,Democrat
179b6334-f47c-404b-9c04-225b1d715bc8,Tennessee,Republican
9df52590-0793-4f8b-87b2-c9a2565c4620,Texas,Democrat
daa1760d-f76e-43c8-8b38-e961d6088b7a,Texas,Democrat
d6f5f76a-e6de-4f4c-abb5-5c83b24f4d14,Texas,Democrat
df023e69-a044-45ed-96de-113dbb3ea55b,Texas,Republican
1805883f-9b1f-41be-bb7c-1e8a91262e02,Texas,Democrat
acafecf0-028e-4084-869e-928494faca98,Texas,Republican
a9bab70d-5783-47db-811f-1837c5513efb,Texas,Republican
d7d86747-7ff3-4a3c-afb6-62ded0283ae3,Texas,Democrat
aa3f46dc-26ec-4f72-bc24-a2fe618877c7,Texas,Republican
a241d397-5ec6-4e6f-9945-b1cac1fe8c98,Texas,Republican
a44cf53c-859c-4dfc-93d9-c9cfde40138d,Texas,Democrat
b708c254-a516-40f3-9125-aec516554c6d,Texas,Democrat
84f0175e-bf69-4e14-ab8b-85261bd8714b,Texas,Democrat
ac3643ca-6ad2-4c71-9096-6203e98e8f3a,Texas,Republican
19b5de8c-e458-495e-9881-d75a68643b04,Texas,Democrat
2ae237ef-c375-4615-b636-c2b7cf12eb51,Texas,Republican
5c19abff-9c64-4001-a5e9-658a418ef7ea,Texas,Democrat
ce82e335-8109-40bb-8f03-207d158ec928,Texas,Republican
c25cb0f0-c585-4ba5-be19-cb1a516e7836,Texas,Republican
3eecac62-6e9b-4831-bcb6-1958895e6696,Texas,Republican
5e76cb82-74f7-4327-b781-1f62fd18ff1d,Utah,Democrat
d94ed62d-d7dc-45b6-93ac-29ccaff94ee5,Utah,Democrat
2ebecec9-314b-4c9d-9b3d-f226282da086,Utah,Republican
ee60b35e-d857-4174-aace-3e1aff1a1a65,Utah,Democrat
c3459825-1505-42f5-8370-1b1a21f90271,Utah,Republican
3940c5fb-465e-4a19-bb71-7135761bf332,Utah,Democrat
2dca13fb-4fb9-42c7-9042-58676a028879,Utah,Democrat
2154a57d-0348-4f74-8163-a188def8e48c,Utah,Democrat
a9219e3d-a47f-452c-93fc-f0a121fb03b8,Utah,Republican
9eecaea2-8957-41df-ac49-1bfa0a6b6375,Utah,Republican
674273b5-cc1f-4423-b2da-55c9b7e1a2b4,Utah,Republican
d1c3a269-7be1-4743-86c4-e2dc1e658a47,Utah,Republican
42afcc5a-356e-4bec-b4c2-37173ddc5a4c,Utah,Democrat
58f68803-595e-40db-ac13-4add875ccc2d,Utah,Democrat
1b828cb3-04cc-454e-8fb9-040da5289ddc,Utah,Democrat
558d20b1-d2f3-47fa-b2fa-2996ff07c09d,Utah,Democrat
a2f89bec-b468-4d06-bf77-a25440a26dd6,Utah,Democrat
a7acd2bb-f947-4a7a-9b92-560510e6e87c,Utah,Republican
95638fd7-ff63-4b83-8167-dabf786ffc43,Utah,Republican
8a8fac9b-0085-4b21-a8cb-262313e05f50,Utah,Republican
69ed6a93-6620-4e0b-9494-c6a1351249c3,Vermont,Democrat
309922dc-95b3-4ed2-938e-ea3abc24a1af,Vermont,Democrat
2871b58f-9980-4304-8dfa-1d0c0acca6ae,Vermont,Republican
7842c189-e609-4b9a-a78a-a76c9d1e8182,Vermont,Democrat
221a388b-7182-4cc2-95f0-8a549164e5e4,Vermont,Democrat
b9aeec01-563e-4dc6-a285-a9631ee8bd89,Vermont,Republican
74722697-4390-44c5-8b9e-ad7ac6b8bfe5,Vermont,Democrat
96cddb8b-bc1e-448d-851f-c856bbcc540a,Vermont,Democrat
6bc4ec6a-8870-49b9-87a6-4366043d0228,Vermont,Republican
bd5408bb-9ef0-4a0e-9809-862b680b5d6a,Vermont,Democrat
53f8c595-df82-408c-8b97-ae4e98b47040,Vermont,Republican
9f724eb2-e864-4708-b04e-a8131355521e,Vermont,Republican
9dd3f1f9-49fa-40fc-8080-7ebb23e6fd23,Vermont,Republican
565e9b39-a800-41d6-bb26-15a0d77e9aa2,Vermont,Republican
01a39140-633b-4e6e-97ed-0489fbd168ed,Vermont,Republican
111a643d-4581-4a56-8050-d1ff30ab2be4,Vermont,Democrat
468bd036-b448-4406-97e9-969fce3ff3aa,Vermont,Democrat
2140a356-aaeb-46a7-b27f-9500d184ea32,Vermont,Democrat
62faeb2f-eb6d-40db-8ebf-acd56303de4e,Vermont,Republican
6c84e37f-1a28-49a2-8f46-fc865d637fdf,Vermont,Republican
e8cd0209-2418-455f-abb2-96e906b0684c,Virginia,Republican
66fadd9b-1cf9-4ca5-a26f-248d4cf77880,Virginia,Democrat
036c9cdb-e860-4e7e-bf3a-79da0fd8464e,Virginia,Democrat
8a330912-906f-4cc2-9cbe-52c5a80eb67c,Virginia,Republican
636da13e-96ef-4947-9ed9-51979a1bcb03,Virginia,Republican
6c9ae4d4-4b62-4520-bd2b-e003c2145074,Virginia,Republican
4be074b2-36db-4b8b-961c-46aa4c20bae2,Virginia,Democrat
d55e4e35-df60-45d2-b451-1ba7beff4f50,Virginia,Democrat
b973816f-51c4-4936-bb02-593f08506c90,Virginia,Democrat
e35e7fff-24ec-4508-95a3-ec3b01871fa0,Virginia,Republican
e0d53cbf-0e8d-4187-b144-bf4d6a14389d,Virginia,Democrat
b2ed9a7b-034b-4ff3-9b37-5041d8ca86ea,Virginia,Democrat
d53705e6-cfe6-4cf4-a1f5-a0bc78940e80,Virginia,Democrat
2da46065-f5f1-4145-a9d2-cd14a5c4dd3d,Virginia,Democrat
f1d96ffc-9a60-4a65-a942-653288b347db,Virginia,Democrat
1462837d-afcc-4c75-a867-07d99eee5af9,Virginia,Democrat
61d00e0e-a266-4b90-957b-4db47af2c5b9,Virginia,Republican
7ee475c6-e479-4c7e-aff1-df773aeb3bbc,Virginia,Democrat
217d86e9-5d65-42de-8421-5d263afc0a80,Virginia,Democrat
bd077382-8912-4a76-a599-a55bff2d9987,Virginia,Democrat
0f7ad0e2-62ac-4bf9-90df-9e0d101fa43d,Washington,Democrat
72e458a1-f427-4a3c-8370-342f73237ab5,Washington,Democrat
b42d51a3-921f-4316-82ea-461eb8a52784,Washington,Democrat
c27a6802-a569-4e88-bb97-d7ee7b2a3767,Washington,Republican
32a5e84e-a037-4a45-a597-c9c46478451f,Washington,Democrat
b9904f49-c042-45b7-9be8-58eee5e99b15,Washington,Republican
4eca9306-557d-4c0e-b99e-87d01da6721e,Washington,Republican
0b069f83-5306-418d-978a-d7331fce3530,Washington,Democrat
43806a37-87e5-44b4-a2d1-944342061449,Washington,Republican
76c54d40-fa1b-4645-b936-e208f015f1d9,Washington,Democrat
21d0fc6a-0cf4-4228-8ffb-88ebb42fc05e,Washington,Democrat
c8dee2ae-541c-4c7e-9f9f-720606ddb375,Washington,Republican
a5282198-c0d5-41e6-9d33-7fba473a3325,Washington,Republican
ed8f4c5d-f4dd-44e4-b772-831129b0f059,Washington,Democrat
5ad45152-b232-4f7e-a94e-2a2e686984b3,Washington,Democrat
e4801a07-8372-4894-a8a5-25402b0c48f1,Washington,Democrat
69b51428-0765-4933-96d7-8fb83ab1d697,Washington,Democrat
55dcb2e3-fbfe-4086-91ca-873b2a440b46,Washington,Republican
e8fbd899-c416-4748-a811-c4f485303dcd,Washington,Democrat
7e355f5a-2a95-4137-9ef2-00ad722ff886,Washington,Republican
a4c903d8-374d-4e64-b05c-37bf7767fdc4,West Virginia,Democrat
c41cd974-9a11-42ce-95c7-3054c0c5da62,West Virginia,Democrat
154a05b9-5c65-4a12-898a-b09f529bdd19,West Virginia,Democrat
eb265613-5419-4d4f-add9-295def9269e6,West Virginia,Republican
b755aeb2-1c27-4eb4-a528-22e642c0952d,West Virginia,Democrat
6f53046c-09ee-41b1-acbf-1136702a1367,West Virginia,Republican
627c6ed1-ae9d-40f3-b315-62d4640f9e50,West Virginia,Democrat
74544976-b901-4c59-b16c-04b2852719de,West Virginia,Republican
b35abf36-3fa8-47c7-854e-24f353de04d4,West Virginia,Democrat
522bb111-f903-4874-8b7b-add27579a794,West Virginia,Republican
07948ea7-7278-493c-9da9-186f612dca0a,West Virginia,Republican
e7f08f6f-9ce4-44fe-8ff1-a3488cabb285,West Virginia,Democrat
199948f1-976e-45fd-85e9-9727573d8a6f,West Virginia,Democrat
acea9f8d-8afa-465f-8a15-7bef1ac6adf3,West Virginia,Democrat
85bc4f20-bdb4-4d90-9b27-9a60806cd3ac,West Virginia,Republican
9eaf3fbb-64c7-4047-b097-48788054ae86,West Virginia,Republican
cb2e4584-d724-4779-af04-79206aac73ee,West Virginia,Democrat
2f8f32b8-d7b6-4fa3-a554-d8b1a5fab494,West Virginia,Democrat
89b03fbe-708a-43ea-bbd8-9090aca12d1a,West Virginia,Democrat
347bb7c1-44ae-40da-a2dc-f9c19a802afe,West Virginia,Republican
5c02cf27-9894-4b79-8867-58a981d2715c,Wisconsin,Democrat
6bfc650f-09f7-486b-9218-1d20059dc14d,Wisconsin,Democrat
3b80eb94-cdf4-4486-8f29-81ae6483d6bd,Wisconsin,Republican
7ec9c998-b467-4345-a283-9f85def79493,Wisconsin,Republican
8e82fefc-a9b9-42d7-beb0-893724ddbfc3,Wisconsin,Democrat
1a1f7c95-d1c8-4fc4-b761-354110dd45ba,Wisconsin,Democrat
eb1c2fc6-1792-4db5-9588-9ca8aaa0f48b,Wisconsin,Democrat
75388195-a17c-44da-acd4-2388f7708248,Wisconsin,Republican
2b8533c4-7f6a-44b8-95ca-2622842ba130,Wisconsin,Democrat
a0fe1c39-bd6b-4c1e-b52a-453a8c4cada7,Wisconsin,Democrat
7cb2d210-e4a8-4d79-b896-7a32cf3ef65d,Wisconsin,Democrat
130175b8-9e8f-44d4-a03a-82a3f91b9083,Wisconsin,Democrat
773d6416-afc8-4f03-8463-91f6927c89dd,Wisconsin,Democrat
6fefaf4a-ac6d-46a2-97a3-f2cdfdcdaba1,Wisconsin,Democrat
8f1a56cf-2a27-4f0e-a1cf-9873324a103c,Wisconsin,Republican
f1b5fd65-424f-4cc8-84ff-7d5cd177a0bc,Wisconsin,Republican
6a405b0b-f860-41ce-ad2f-d9a90aff5d7d,Wisconsin,Democrat
181de132-9485-4a40-b8bd-a402d80e4124,Wisconsin,Republican
d140ce8b-a8bf-47f2-9684-2b03221b104b,Wisconsin,Republican
334b97b6-bf27-4e36-92f7-8f39603bd92a,Wisconsin,Republican
9e80e730-38dd-4e25-b4ab-17e941361032,Wyoming,Republican
bd4d07ec-9fa7-4445-96ca-c7907877ef4e,Wyoming,Democrat
e0c336f0-a31a-4c44-befd-e00aba0fa7e2,Wyoming,Republican
6c5da5ae-d73b-49e9-a830-92699bba7fc3,Wyoming,Democrat
05268f8d-6f29-4134-86bf-43163b292127,Wyoming,Democrat
f95add8c-d7e1-45c1-b31a-031c30468904,Wyoming,Republican
36f39976-1773-443e-ab1e-5a769c77c0ed,Wyoming,Democrat
937d8de0-dec1-498c-a933-41d4d28a3e6f,Wyoming,Democrat
5fd0a141-4cec-477a-8b84-7303a0c19eac,Wyoming,Republican
3f3f977b-4760-433a-97c4-321d08714978,Wyoming,Republican
23ba37d8-a100-4824-8a5f-60516ee1d420,Wyoming,Democrat
384f08cf-1dc8-4c4b-b12b-8ab6ed97a11b,Wyoming,Democrat
9f3007ab-2670-45a7-9d35-135f63cf182f,Wyoming,Republican
259a1a4a-2e15-471e-83b2-c4f04b1a97b4,Wyoming,Democrat
91218ca3-f38b-459f-a314-2fb293819b17,Wyoming,Republican
a2ffe2c7-dec4-45dd-9871-43f041e31abf,Wyoming,Republican
93050347-b524-4b81-bd7b-9d02f4e6287f,Wyoming,Democrat
09f64a48-7a98-44e6-b71b-abb01671c090,Wyoming,Democrat
ebdad226-6e20-4817-9fdd-9298a84219a9,Wyoming,Republican
5a6ad399-8332-4a7e-aa21-cf6865244141,Wyoming,Democrat
